Susu kedele,1,41,3.5,2.5,5,Sajikan
Tahu,1,68,7.8,4.6,1.6,Sajikan
Tempe gembus,1,73,5.7,1.3,10.3,Sajikan
Ayam,1,302,18.2,25,0,Sajikan
Bebek ( itik ),1,326,16,28.6,0,Sajikan
Daging domba,1,206,17.1,14.8,0,Sajikan
Daging kambing,1,154,16.6,9.2,0,Sajikan
Daging asap,1,191,32,6,0,Sajikan
Daging kornet  ( corned beef ),1,241,16,25,0,Sajikan
Dendeng daging sapi,1,433,55,9,0,Sajikan
Sosis daging ( wosrt ),1,452,14.5,42.3,2.3,Sajikan
Telur ayam,1,162,12.8,11.5,0.7,Sajikan
Telur bebek (DKBM P3G '90),1,202,12.5,16.4,0,Sajikan
Telur bebek diasin,1,195,13.6,13.6,1.4,Sajikan
Bandeng,1,129,20,4.8,0,Sajikan
Bawal,1,96,19,1.7,0,Sajikan
Belut air tawar,1,82,6.7,1,10.9,Sajikan
Cumi-cumi,1,75,16.1,0.7,0.1,Sajikan
Ikan mas,1,86,16,2,0,Sajikan
Ikan mujair segar,1,89,18.7,1,0,Sajikan
Kacangan,1,77,15.6,0.9,1.6,Sajikan
Kakap,1,92,20,0.7,0,Sajikan
Kembung,1,103,22,1,0,Sajikan
Kepiting,1,151,13.8,3.8,14.1,Sajikan
Kerang,1,101,14.4,2.6,3.9,Sajikan
Mujahir,1,89,18.7,1,0,Sajikan
"Paling, belut",1,303,14,27,0,Sajikan
Sidat,1,81,11.4,1.9,3.8,Sajikan
Teri segar,1,77,16,1,0,Sajikan
Udang segar,1,91,21,0.2,0.1,Sajikan
Cakalang asin,1,198,36.5,2.2,5.5,Sajikan
Calo . peda,1,81,11.4,1.9,3.8,Sajikan
Dendeng ikan mujair,1,582,68.3,15.2,37.2,Sajikan
Ikan asin kering,1,193,42,1.5,0,Sajikan
"Kerupuk ikan, dengan pati",1,342,16,0.4,65.6,Sajikan
"Kerupuk udang, dengan pati",1,359,17.2,0.6,68.2,Sajikan
Petis ikan,1,161,20,0.2,24,Sajikan
Petis udang,1,220,15,0.1,40,Sajikan
Sardencis dalam kaleng,1,338,21.1,27,1,Sajikan
Sepat kering,1,289,38,14,0,Sajikan
Telur ikan,1,398,16.7,34.8,4.5,Sajikan
Teri bubuk,1,277,60,2.3,1.8,Sajikan
Teri kering,1,170,33.4,3,0,Sajikan
Teri nasi kering,1,144,32.5,0.6,0,Sajikan
Teri tepung,1,347,48.8,6.4,19.6,Sajikan
Udang kering,1,259,62.4,2.3,1.8,Sajikan
Bayam,1,36,3.5,0.5,6.5,Sajikan
Bayam merah,1,51,4.6,0.5,10,Sajikan
Bunga pepaya jantan,1,45,2.6,0.3,8.1,Sajikan
Daun bawang,1,29,1.8,0.7,5.2,Sajikan
Daun beluntas,1,42,1.8,0.5,9.4,Sajikan
Daun gandaria,1,60,3.1,0.3,14,Sajikan
Daun jambu mete muda,1,73,4.6,0.5,16.2,Sajikan
Daun kacang panjang,1,34,4.1,0.4,5.8,Sajikan
Daun katuk,1,59,4.8,1,11,Sajikan
Daun kecipir,1,47,5,0.5,8.5,Sajikan
Daun kelor,1,82,6.7,1.7,14.3,Sajikan
Daun kemangi,1,43,5.5,0.3,7.5,Sajikan
Daun ketela rambat (ubi jalar),1,47,2.8,0.4,10.4,Sajikan
Daun koro,1,23,3,0.3,3.7,Sajikan
Daun labu siam,1,60,4,0.4,4.7,Sajikan
Daun labu waluh,1,30,3.6,0.6,4.5,Sajikan
Daun leunca,1,45,4.7,0.5,8.1,Sajikan
Daun lobak,1,30,2.3,0.4,5.8,Sajikan
Daun lompong tales,1,40,3,0.8,7.4,Sajikan
Daun melinjo,1,99,5,1.3,21.3,Sajikan
Daun oyong,1,22,1,0.1,5.3,Sajikan
Daun pakis,1,35,4,0.3,6.4,Sajikan
Daun pepaya,1,79,8,2,11.9,Sajikan
Daun pete cina,1,128,12,6.5,12.4,Sajikan
Daun singkong,1,73,6.8,1.2,13,Sajikan
Daun tales,1,71,4.1,2.1,12.3,Sajikan
Daun tespong,1,59,2.9,0.3,13.9,Sajikan
Eceng,1,18,1,0.2,3.8,Sajikan
Genjer,1,33,1.7,0.2,7.7,Sajikan
Kangkung,1,29,3,0.3,5.4,Sajikan
Kemangi,1,46,4,0.5,8.9,Sajikan
Krokot,1,21,1.7,0.4,3.8,Sajikan
Kucai,1,45,2.2,0.3,10.3,Sajikan
Kucai muda (lokio),1,42,3.8,0.6,7.8,Sajikan
Seledri,1,20,1,0.1,4.6,Sajikan
Buncis,1,35,2.4,0.2,7.7,Sajikan
Buncis (DKBM P3G '90),1,34,2.4,0.3,7.2,Sajikan
Cabe gembor merah,1,38,1.6,0.8,6.3,Sajikan
Cabe hijau besar,1,23,0.7,0.3,5.2,Sajikan
Cabe merah besar ( kering ),1,311,15.9,6.2,61.8,Sajikan
Cabe merah besar ( segar  ),1,31,1,0.3,7.3,Sajikan
Cabe rawit ( segar ),1,103,4.7,2.4,19.9,Sajikan
Gambas oyong,1,18,0.8,0.2,4.1,Sajikan
"Jagung muda, termasuk tongkol",1,33,2.2,0.1,7.4,Sajikan
Jamur kuping kering,1,128,16,0.9,64.6,Sajikan
Jamur kuping segar,1,15,3.8,0.6,0.9,Sajikan
Jantung pisang segar,1,31,1.2,0.3,7.1,Sajikan
Kacang buncis ( buah ),1,35,2.4,0.2,7.7,Sajikan
Kacang kapri ( biji segar ),1,98,6.7,0.4,17.7,Sajikan
Kacang panjang,1,44,2.7,0.3,7.8,Sajikan
Kapri muda,1,42,3.3,0.2,9,Sajikan
Kecipir ( buah muda ),1,35,2.9,0.2,5.8,Sajikan
"Keluwih, kelawi",1,111,1.5,0.3,27.2,Sajikan
Kembang turi,1,44,1.8,0.6,9.6,Sajikan
Ketimun,1,12,0.7,0.1,2.7,Sajikan
Kool kembang,1,25,2.4,0.2,4.9,Sajikan
"Kool merah, kool putih",1,24,1.4,0.2,5.3,Sajikan
Koro kerupuk ( buah ),1,125,8.3,0.7,22.1,Sajikan
Koro wedus ( buah muda ),1,38,3,0.3,7.9,Sajikan
Kulit melinjo,1,111,4.5,1.1,20.7,Sajikan
Labu air,1,17,0.6,0.2,3.8,Sajikan
Labu siam,1,26,0.6,0.1,6.7,Sajikan
Labu waluh,1,29,1.1,0.3,6.6,Sajikan
Leunca buah (daun leunca),1,33,1.9,0.1,7.4,Sajikan
Lobak,1,19,0.9,0.1,4.2,Sajikan
Melinjo,1,66,5,0.7,13.3,Sajikan
Nangka muda,1,51,2,0.4,11.3,Sajikan
Pare (paria),1,29,1.1,0.3,6.6,Sajikan
Pepaya muda,1,26,2.1,0.1,4.9,Sajikan
Rebung,1,27,2.6,0.3,5.2,Sajikan
Sawi,1,22,2.3,0.3,4,Sajikan
Selada,1,15,1.2,0.2,2.9,Sajikan
Selada air,1,17,1.7,0.3,3,Sajikan
Taoge kacang ijo,1,23,2.9,0.2,4.1,Sajikan
Taoge kacang kedele,1,67,9,2.6,6.4,Sajikan
Taoge kacang tunggak,1,35,5,0.2,5.8,Sajikan
Tebu terubuk,1,25,4.6,0.4,3,Sajikan
Tekokak,1,34,2,0.1,7.9,Sajikan
Tekokak kering,1,294,8.3,1.7,72.6,Sajikan
Terong,1,24,1.1,0.2,5.5,Sajikan
Terong belanda,1,48,1.5,0.3,11.3,Sajikan
Tomat ( sari air tomat ),1,15,1,0.2,3.5,Sajikan
Tomat masak,1,20,1,0.3,4.2,Sajikan
Tomat muda,1,23,2,0.7,2.3,Sajikan
Wortel,1,42,1.2,0.3,9.3,Sajikan
Alpokat,1,85,0.9,6.5,7.7,Sajikan
Anggur,1,50,0.5,0.2,12.8,Sajikan
Apel,1,58,0.3,0.4,14.9,Sajikan
Arbei,1,37,0.8,0.5,8.3,Sajikan
Belimbing,1,36,0.4,0.4,8.8,Sajikan
Bengkuang,1,55,1.4,0.2,12.8,Sajikan
Buah atung,1,23,0.8,0.2,5.2,Sajikan
Buah mentega ( bisbul ),1,39,0.7,0.2,9.7,Sajikan
Buah nona,1,101,1.7,0.6,25.2,Sajikan
Cempedak,1,116,3,0.4,28.6,Sajikan
Duku,1,63,1,0.2,16.1,Sajikan
Durian,1,134,2.5,3,28,Sajikan
Embacang,1,98,1.4,0.2,25.4,Sajikan
Erbis,1,70,0.6,0,18.9,Sajikan
Gandaria,1,68,0.7,0.1,18,Sajikan
Jambu air,1,46,0.6,0.2,11.8,Sajikan
Jambu biji,1,49,0.9,0.3,12.2,Sajikan
Jambu bol,1,56,0.6,0.3,14.2,Sajikan
Jambu monyet ( buah ),1,64,0.7,0.6,15.8,Sajikan
Jeruk bali,1,48,0.6,0.2,12.4,Sajikan
Jeruk garut (jeruk keprok),1,44,0.8,0.3,10.9,Sajikan
Jeruk manis,1,45,0.9,0.2,11.2,Sajikan
Jeruk manis (air sari jeruk),1,44,0.8,0.2,11,Sajikan
Jeruk nipis,1,37,0.8,0.1,12.3,Sajikan
Kedondong masak,1,41,1,0.1,10.3,Sajikan
Kemang,1,48,1,0.2,11.9,Sajikan
Kesemek,1,78,0.8,0.4,20,Sajikan
Kokosan,1,86,1.6,0.2,13,Sajikan
Langsat,1,56,0.9,0.2,14.3,Sajikan
Mangga gedong,1,44,0.7,0.2,11.2,Sajikan
Mangga golek,1,63,0.5,0.2,16.7,Sajikan
Mangga harumanis,1,46,0.4,0.2,11.9,Sajikan
Mangga indramayu,1,72,0.8,0.2,18.7,Sajikan
Mangga kopek,1,56,0.4,0.2,14.6,Sajikan
Mangga muda,1,59,0.5,0.4,15.1,Sajikan
Manggis,1,63,0.6,0.6,15.6,Sajikan
Menteng,1,65,1.7,0.2,16.1,Sajikan
Nanas,1,52,0.4,0.2,13.7,Sajikan
Nangka masak dipohon,1,106,1.2,0.3,27.6,Sajikan
Pala ( dagingnya ),1,42,0.3,0.2,10.9,Sajikan
Pepaya,1,46,0.5,0,12.2,Sajikan
Pisang ambon,1,99,1.2,0.2,25.8,Sajikan
Pisang angleng (pis. ampyang),1,68,1.3,0.2,17.2,Sajikan
Pisang lampung,1,99,1.3,0.2,25.6,Sajikan
Pisang mas,1,127,1.4,0.2,33.6,Sajikan
Pisang raja,1,120,1.2,0.2,31.8,Sajikan
Pisang raja sereh (pis. susu),1,118,1.2,0.2,31.1,Sajikan
Pisang raja uli,1,146,2,0.2,38.2,Sajikan
Rambutan,1,69,0.9,0.1,18.1,Sajikan
Salak,1,77,0.4,0,20.9,Sajikan
Salak bali,1,57,0.5,0.1,13.6,Sajikan
Salak pondoh,1,368,0.8,0.4,90.3,Sajikan
Sawo,1,92,0.5,1.1,22.4,Sajikan
Sawo duren,1,64,1,3.1,8,Sajikan
Sawo kecik,1,111,0.9,2.3,21.6,Sajikan
Semangka,1,28,0.5,0.2,6.9,Sajikan
Sirsak,1,65,1,0.3,16.3,Sajikan
Srikaya,1,101,1.7,0.6,25.2,Sajikan
Srikaya (DKBM P3G '90),1,63,1.1,0.5,13.9,Sajikan
Sukun muda,1,119,1.4,0.2,28.1,Sajikan
Sukun muda (DKBM P3G '90),1,119,1.4,0.2,28.1,Sajikan
Sukun tua,1,126,1.6,0.2,24.5,Sajikan
Sukun tua (DKBM P3G '90),1,129,1.6,0.2,24.5,Sajikan
Tempoyak,1,142,2.7,4.6,22.7,Sajikan
Wuni,1,74,0.8,0.3,17.1,Sajikan
Es krim,1,207,4,12.5,20.6,Sajikan
Keju,1,326,22.8,20.3,13.1,Sajikan
Kepala susu (krim),1,204,2.6,20,4,Sajikan
Mentega,1,725,0.5,81.6,1.4,Sajikan
Susu kambing,1,64,4.3,2.3,6.6,Sajikan
Susu kental manis,1,336,8.2,10,55,Sajikan
Susu kental tak manis,1,138,7,7.9,9.9,Sajikan
Susu kerbau,1,160,6.3,12,7.1,Sajikan
Susu sapi,1,61,3.2,3.5,4.3,Sajikan
Susu skim (susu tak berlemak),1,36,3.5,0.1,5.1,Sajikan
Tepung susu,1,509,24.6,30,36.2,Sajikan
Tepung susu asam untuk bayi,1,418,19,9,65.5,Sajikan
Tepung susu skim,1,362,35.6,1,52,Sajikan
Yoghurt,1,52,3.3,2.5,4,Sajikan
Lemak babi,1,902,0,0,0,Sajikan
Lemak kerbau (lemak sapi),1,818,1.5,90,0,Sajikan
Margarin,1,720,0.6,81,0.4,Sajikan
Minyak hati hiu (eulamia),1,902,0,0,0,Sajikan
Minyak ikan,1,902,0,0,0,Sajikan
Minyak kacang tanah,1,902,0,0,0,Sajikan
Minyak kelapa,1,870,1,98,0,Sajikan
Minyak kelapa sawit,1,902,0,0,0,Sajikan
Minyak wijen,1,902,0,0,0,Sajikan
Bier (4% alkohol),1,48,0.6,0,4.4,Sajikan
Coklat manis ( batang ),1,472,2,29.8,62.7,Sajikan
Coklat pahit ( batang ),1,504,5.5,52.9,29.2,Sajikan
Coklat susu  ( batang ),1,381,9,35,53.6,Sajikan
Dodol,1,395,3,5.7,81.2,Sajikan
Gelatin,1,389,91,0,0,Sajikan
Gula aren,1,368,0,0,95,Sajikan
Gula kelapa,1,386,3,10,76,Sajikan
"Gula merah tebu, belum murni",1,356,0.4,0.5,90.6,Sajikan
Gula pasir,1,364,0,0,94,Sajikan
Jam sele,1,239,0.5,0.6,64.5,Sajikan
"Kopi, bagian yang dapat larut",1,352,17.4,1.3,69,Sajikan
Lemon squash,1,36,0,0,10,Sajikan
Limun,1,30,0,0,8,Sajikan
Madu,1,294,0.3,0,79.5,Sajikan
Melasse,1,276,0,0.1,71,Sajikan
Serbuk coklat,1,298,8,23.8,48.9,Sajikan
"Setrup, sirup",1,213,0,0,55,Sajikan
Teh,1,132,19.5,0.7,67.8,Sajikan
Aci aren,1,355,0.6,1.1,85.6,Sajikan
Agar laut (DKBM P3G '90),1,21,0.1,0.1,4.8,Sajikan
Agar-agar,1,0,0,0.2,0,Sajikan
Alur,1,24,1.8,0.3,4.8,Sajikan
Bonggol pisang,1,43,0.6,0,11.6,Sajikan
Bonggol pisang kering,1,245,3.4,0,66.2,Sajikan
Bulung,1,333,8.2,0.1,64.7,Sajikan
Bulung jajar (agar jajal),1,212,16.9,0.2,47.6,Sajikan
Bulung sangu,1,237,14.7,0.2,56,Sajikan
Cengkeh kering,1,292,5.2,8.9,57.4,Sajikan
Cuka,1,12,0.1,0.1,5,Sajikan
Daun cincau,1,122,6,1,26,Sajikan
Donge-donge,1,16,0.5,0.2,3.6,Sajikan
Jahe,1,51,1.5,1,10.1,Sajikan
Kecap,1,46,5.7,1.3,9,Sajikan
Kelangis,1,230,5.7,20.6,5.5,Sajikan
Kunyit,1,63,2,2.7,9.1,Sajikan
Lawi-lawi,1,18,0.5,0.9,2.6,Sajikan
Lidah buaya,1,4,0.1,0.2,0.4,Sajikan
Merica,1,359,11.5,6.8,64.4,Sajikan
Ragi,1,136,43,2.4,3,Sajikan
Saos tomat,1,98,2,0.4,24.5,Sajikan
Bacang,1,72,2.3,1.9,11.4,Sajikan
Bihun goreng,1,308,5.9,8.9,51,Sajikan
Bubur,1,6,0.1,0,1.3,Sajikan
Bubur beras (Menu Pgln),1,70,1.8,0,0,Sajikan
Bubur kentang (Menu Pgln),1,76,1.3,0,0,Sajikan
Bubur tepung (Menu Pgln),1,363,0.5,0,0,Sajikan
Bubur wortel (Menu Pgln),1,73,1.4,0,0,Sajikan
Buntil,1,106,4.4,6.3,7.9,Sajikan
Buras,1,88,2.3,1.3,16.7,Sajikan
Cassava stick,1,460,0.8,18.7,17.2,Sajikan
Cemplon,1,94,0.5,5.28,12.61,Sajikan
Ceriping getuk singkong,1,462,1.2,20.7,67.7,Sajikan
Chilmil,1,472,18,20,55,Sajikan
Combro,1,105,0.8,3.3,17.9,Sajikan
Deblo,1,52,0.4,3,10.6,Sajikan
Dodongkal,1,7,1.3,0.9,15.8,Sajikan
Gadung kukus,1,88,0.6,0.3,20.9,Sajikan
Ganyong rebus,1,100,0.8,0.2,23.8,Sajikan
Gemblong,1,115,1.7,2.6,21.1,Sajikan
Gemblong (DKBM P3G '90),1,274,1.7,5.4,55.5,Sajikan
Gendar goreng,1,407,6.4,28.2,32,Sajikan
Geplak,1,350,1.4,14.4,53.6,Sajikan
Getuk goreng sukaraja,1,360,1.3,6.4,74.3,Sajikan
Getuk lindri,1,60,0.6,1.4,11.2,Sajikan
Getuk singkong,1,204,0.5,1.4,47.4,Sajikan
Gudangan (urapan),1,84,2.76,3.42,12.06,Sajikan
Hunkwe (Menu Pgln),1,226,2,0,0,Sajikan
Intip goreng,1,474,7.6,21.6,62.3,Sajikan
Intip goreng/kerak nasi,1,474,7.6,21.6,62.3,Sajikan
Jagung gronto metro,1,135,2.2,1.1,28.9,Sajikan
Jagung grontol harapan,1,156,2.7,1.3,33.3,Sajikan
Jagung kering dengan kulit,1,355,9.2,3.9,73.7,Sajikan
Jagung rebus,1,105,2.6,1.1,21.1,Sajikan
Japilus,1,500,1.2,25.1,67.3,Sajikan
Jenang,1,220,2.6,5.7,39.5,Sajikan
Karoket,1,73,1.2,2.8,0.7,Sajikan
Kecimpring singkong,1,464,1.2,18.6,73,Sajikan
Kecimpring sinkong goreng,1,262,1.2,18.6,73,Sajikan
Kelepon,1,107,0.6,2.7,20.1,Sajikan
Kemplang goreng,1,504,5.6,28.1,57.1,Sajikan
Kemplang panggang,1,356,9.7,1.1,76.9,Sajikan
Keremes,1,475,1.6,25.2,64.4,Sajikan
Keripik gadung,1,446,2.8,14.5,76,Sajikan
Keripik singkong,1,478,0.9,20.7,72,Sajikan
Keripik singkong berbumbu,1,481,2.2,19.7,73.6,Sajikan
Kerupuk sayong,1,7,0.2,2.6,12.2,Sajikan
Ketapang,1,34,0.7,1.1,5.4,Sajikan
Ketela kukus,1,153,1.2,0.3,36.4,Sajikan
Ketela tapai,1,169,1.4,0.3,40.2,Sajikan
Ketupat ketan,1,212,4,4.6,38.6,Sajikan
Ketupat tahu,1,274,7.4,6.5,46.6,Sajikan
Komba kukus,1,71,2.3,0.3,15.4,Sajikan
Kue Kutu mayang,1,100,0.5,1.2,21.9,Sajikan
Kue apem,1,84,1.5,0.7,17.8,Sajikan
Kue bugis,1,24,0.3,0.1,5.4,Sajikan
Kue koya,1,366,4.2,4.3,7.9,Sajikan
Kue mangkok,1,91,1.5,0.5,20.2,Sajikan
Kue pacar cina,1,38,0.7,0.2,17.2,Sajikan
Kue pia,1,148,2.3,0.7,33.2,Sajikan
Kue satu,1,59,1.9,0.4,11.9,Sajikan
Kue semprong,1,38,0.1,0.1,9.2,Sajikan
Kue talam,1,18,0.1,0.5,3.2,Sajikan
Kue tambang,1,128,2.2,6.5,15.1,Sajikan
Laksa,1,499,8.2,11.6,88.4,Sajikan
Lemper,1,177,3,2.9,34.7,Sajikan
Lenting getuk,1,422,0.9,10.8,80.4,Sajikan
Leupeut ketan,1,96,3.1,0.2,20.5,Sajikan
Lopis,1,98,1.7,1.3,19.8,Sajikan
Lumpia,1,133,3.43,0.47,28.14,Sajikan
Martabak,1,199,3.5,4.1,37,Sajikan
Martabak telur,1,200,8.9,5.1,29.5,Sajikan
Mi kuning goreng,1,476,0.1,21.1,71.3,Sajikan
Mie +telur (Menu Pgln),1,178,5,0,0,Sajikan
Mie ayam,1,360,5.9,16.15,49.87,Sajikan
Mie goreng,1,117,1.9,5.1,15.6,Sajikan
Mie goreng (mie kering noodle),1,185,5.5,5.3,23.9,Sajikan
Mie laksa basah,1,155,0.2,0.1,38.2,Sajikan
Mie laksa kering,1,347,8,0.2,78.2,Sajikan
Mie sua,1,320,9.1,0.2,70.4,Sajikan
Misro,1,109,0.4,2,25.1,Sajikan
Nasi (Menu Pgln),1,176,3.3,0,0,Sajikan
Nasi Beras giling masak,1,178,2.1,0.1,40.6,Sajikan
Nasi beras giling pelita I/1,1,180,3,0.3,39.8,Sajikan
Nasi beras giling pelita II/1,1,158,4,0.5,33.2,Sajikan
Nasi beras tumbuk pelita I/1,1,166,4.2,0.5,35,Sajikan
Nasi beras tumbuk pelita II/1,1,144,3.6,0.4,30.6,Sajikan
Nasi goreng,1,138,1.6,1.6,15.1,Sajikan
Nasi goreng+telur (Menu Pgln),1,198,6.4,0,0,Sajikan
Nasi tim (Menu Pgln),1,120,2.3,0,0,Sajikan
Nasi uduk,1,152,2.6,2.6,7,Sajikan
Onde-onde,1,101,2.9,3.1,15.5,Sajikan
Ongol-ongol,1,23,0.3,1.2,2.8,Sajikan
Ongol-ongol sagu,1,111,0.3,2.7,21.2,Sajikan
Opak singkong,1,47,1.8,2.1,5.2,Sajikan
Papais,1,107,2.4,1.3,21.6,Sajikan
Pastel,1,208,5.2,15.4,31.4,Sajikan
Perkedel kentang,1,439,15.77,7.13,79.62,Sajikan
Pilus,1,257,0.5,13.9,32.5,Sajikan
Putu,1,21,0.3,0.6,3.7,Sajikan
Rarawuan,1,118,2.9,3.4,19,Sajikan
Risoles,1,134,2.1,1.4,28.2,Sajikan
Roti gambang,1,70,1.5,0.4,15.1,Sajikan
Roti isi coklat,1,215,5.29,1.9,44.95,Sajikan
Roti isi kacang,1,217,6,0.23,45.65,Sajikan
Roti isi kelapa (manis),1,518,13.7,30,48.4,Sajikan
Roti kukus,1,249,5.1,2.1,52.5,Sajikan
Sagu ambon,1,338,0.6,0.3,83.1,Sajikan
Serabi,1,245,6,5,43.9,Sajikan
Singkong goreng,1,57,0.2,3.6,5.6,Sajikan
Siomay,1,162,7.5,3.8,24.4,Sajikan
Soun,1,351,11.3,0,76.5,Sajikan
Sriping talas kebumen,1,478,2.5,21.2,69.2,Sajikan
Supermi (Menu Pgln),1,113,0.6,0,0,Sajikan
Supermi+telor (Menu Pgln),1,166,6.8,0,0,Sajikan
Suweg kukus,1,93,1.5,0.1,21.9,Sajikan
Talas kukus,1,120,1.5,0.3,28.2,Sajikan
Tapai beras ketan hitam,1,166,3.8,1,34.4,Sajikan
Tapai beras ketan putih,1,172,3,0.5,37.5,Sajikan
Ubi jalar goreng,1,48,1.1,0.4,16.6,Sajikan
Ubi jalar kukus,1,100,0.7,0.3,23.8,Sajikan
Ubi jalar rebus,1,74,0.9,6.2,16.6,Sajikan
Ubi jalar sayur,1,110,0.8,0.2,13.5,Sajikan
Ubi kemayung kukus,1,165,0.9,0.2,39.8,Sajikan
Ampas tahu kukus,1,75,4.1,2.1,10.7,Sajikan
Biji jambu mete goreng,1,629,21.5,56.6,19.8,Sajikan
Botok lamtoro,1,186,11.7,9.7,13,Sajikan
Bubur kacang ijo,1,106,3.9,3.6,14.6,Sajikan
Bubur kacang ijo (Menu Pgln),1,204,5.9,0,0,Sajikan
Emping goreng asin,1,431,11.1,16.2,63,Sajikan
Emping goreng manis,1,439,10,16.4,65.7,Sajikan
Emping goreng tipis,1,485,11.5,24.5,59.1,Sajikan
Goreng oncom,1,109,2.2,5.8,12.1,Sajikan
Kacang atom,1,533,27.8,38.1,28.8,Sajikan
Kacang babi bogor goreng,1,479,12.7,23.2,58.9,Sajikan
Kacang babi bogor rebus,1,161,7.7,2.8,27.1,Sajikan
Kacang babi kecipir rebus,1,204,16.9,8.8,17.5,Sajikan
Kacang gude rebus,1,147,9,0.5,27.5,Sajikan
Kacang hijau rebus,1,109,8.7,0.5,18.3,Sajikan
Kacang kapri goreng,1,89,3.8,2.2,13.1,Sajikan
Kacang kedelai goreng,1,521,32.2,37.7,22.9,Sajikan
Kacang kedelai rebus,1,189,20.2,8.2,12.7,Sajikan
Kacang kulit,1,628,30.7,50.5,12.7,Sajikan
Kacang merah kering rebus,1,158,10.3,0.9,28.2,Sajikan
Kacang merah segar rebus,1,144,10,1,24.7,Sajikan
Kacang sari,1,561,25.5,43.8,26,Sajikan
Kacang sukro (DKBM P3G '90),1,484,8.8,26.1,57.7,Sajikan
Kacang sukro putih,1,122,1.3,6.4,14.9,Sajikan
Kacang tanah goreng,1,564,25.5,44.4,25.5,Sajikan
Kacang tanah rebus,1,77,2.8,6.2,2.6,Sajikan
Kacang tanah rebus,1,220,10.6,18,8,Sajikan
Kacang tanah sangan,1,560,29.5,43,24.1,Sajikan
Kacang telur,1,187,2.5,5.2,31.2,Sajikan
Kacang tolo rebus,1,138,10.7,1.1,22.6,Sajikan
Kembang tahu rebus,1,90,10.7,4,4.7,Sajikan
Kripik abadi besar,1,556,15.8,37.1,39.8,Sajikan
Kripik murni,1,542,40.3,42.4,11.6,Sajikan
Kripik murni,1,540,16.7,33.9,42,Sajikan
Kripik oncom,1,598,8.3,43.8,42.6,Sajikan
Kripik sedang,1,510,12.3,27.9,52.4,Sajikan
Kripik telur,1,529,20.8,31.7,40.2,Sajikan
Kripik tempe,1,581,12.1,40.6,41.7,Sajikan
Kripik tempe goreng,1,542,40.3,42.4,11.5,Sajikan
Noga kacang tanah,1,180,4.2,12.5,12.6,Sajikan
Oncom hitam goreng,1,71,3,3.6,3.4,Sajikan
Oncom hitam tepung,1,92,2.7,5.4,8.1,Sajikan
Oncom merah bertepung,1,96,2.8,5.6,9.3,Sajikan
Oncom merah goreng,1,92,1.7,8,3.3,Sajikan
Oncom merah sayur (tumis),1,4,0.2,0.2,0.3,Sajikan
Pepes oncom,1,132,12.7,3.8,13.7,Sajikan
Pepes oncom / ampas tahu,1,76,5.2,1.8,10.6,Sajikan
Pepes taoco,1,184,11.4,5.5,22.2,Sajikan
Rempeyek,1,513,17.5,32.5,44.3,Sajikan
Rempeyek kacang tanah,1,513,17.5,32.5,44.3,Sajikan
Rempeyek kacang tolo,1,451,11.2,20.2,59.7,Sajikan
Rempeyek kacang uci,1,497,17,27.6,50.8,Sajikan
Tahu goreng,1,32,1.4,2.8,0.3,Sajikan
Tahu goreng (DKBM P3G '90),1,115,9.7,8.5,2.5,Sajikan
Tahu goreng (Menu Pgln),1,143,9.6,0,0,Sajikan
Tauco,1,158,11.3,5.4,18.1,Sajikan
Tauco cap beruang,1,347,7.4,5.2,67.6,Sajikan
Tauco cap das,1,358,7.5,4.3,70.4,Sajikan
Tauco cap meong,1,159,7.4,4.9,21.3,Sajikan
Tauji cap singa,1,277,9.1,4.7,49.6,Sajikan
Tempe goreng,1,82,4.6,5.8,3.2,Sajikan
Tempe goreng (Menu Pgln),1,335,23.3,0,0,Sajikan
Tempe murni goreng,1,350,24.5,26.6,10.4,Sajikan
Tempe pasar goreng,1,336,20,28,7.8,Sajikan
Tempe sayur,1,36,0.9,0.4,7.4,Sajikan
Abon sapi,1,212,18,10.6,59.3,Sajikan
Abon sapi asli,1,358,14.6,16.1,38.6,Sajikan
Ati ayam (buras),1,112,18.3,3.2,2.6,Sajikan
Ati ayam (ras),1,105,16.6,3.4,2.1,Sajikan
Ayam goreng (Menu Pgln),1,595,30.5,0,0,Sajikan
Ayam goreng buras mbok berek,1,295,39.2,13.6,1,Sajikan
Ayam paha lengkap kalasan,1,275,37.4,12.2,1.3,Sajikan
Ayam paha pasundan,1,245,33.1,11.4,0.3,Sajikan
Ayam paha sukabumi,1,283,35.7,14.3,0.5,Sajikan
Ayam pasundan,1,246,37.9,9,0.7,Sajikan
Ayam ras dada church toxas,1,338,35.2,20.6,0.4,Sajikan
Ayam ras dada kentucky,1,298,34.2,16.8,0.1,Sajikan
Ayam ras dada pioner,1,295,37.4,14.7,0.6,Sajikan
Ayam ras paha church,1,287,31,15.7,1.7,Sajikan
Ayam ras paha kentucky,1,286,32.1,16.7,1.1,Sajikan
Ayam sayap church,1,295,34,16,1.5,Sajikan
Ayam sayap kentucky,1,297,35.9,15.2,1.6,Sajikan
Ayam sukabumi,1,244,36.7,9.2,1,Sajikan
Babi lawar,1,174,17,10,3,Sajikan
Ceker ayam (buras),1,197,20.6,11.5,2.7,Sajikan
Ceker ayam (ras),1,245,20.8,17.1,2.1,Sajikan
Daging puyuh (goreng),1,187,25.6,8.2,2.8,Sajikan
Dendeng bekicot,1,441,48.7,20.3,15.8,Sajikan
Paru goreng,1,488,39.4,36.5,0.4,Sajikan
Penyu lawar,1,141,23,1.5,7.6,Sajikan
Penyu sate,1,179,22.5,3.5,13.3,Sajikan
Penyu serapah,1,174,13.1,12.2,2.2,Sajikan
Pizza sapi,1,294,17.9,17.5,16.1,Sajikan
Rawon,1,60,5.4,2.5,4,Sajikan
Rempelo ayam,1,108,17.2,4.1,0.4,Sajikan
Rempelo ayam (goreng),1,270,32.3,11.2,9.9,Sajikan
Rendang,1,193,22.6,7.9,7.8,Sajikan
Rujak cingur,1,153,11.3,8.4,8,Sajikan
Sapi rendang,1,193,22.6,7.9,7.8,Sajikan
Sate ayam,1,227,41.3,6.1,1.8,Sajikan
Sate daging kambing,1,211,41.7,4.9,0,Sajikan
Sate daging lembu,1,219,38.9,6.7,0.8,Sajikan
Sate kuah,1,151,14.9,1.3,20,Sajikan
Sate kulit,1,22,3.1,0.1,2.3,Sajikan
Sate perut lembu,1,218,22.6,11.5,6.1,Sajikan
Sate usus,1,19,2.1,1.1,0.2,Sajikan
Soto dengan daging,1,102,2.1,7.5,6.6,Sajikan
Soto tanpa daging,1,82,0.3,6,6.7,Sajikan
Sus isi ragout,1,221,7.5,10.2,24.8,Sajikan
Usus ayam goreng,1,473,45.2,26.3,13.9,Sajikan
Telur ayam dadar,1,251,16.3,19.4,1.4,Sajikan
Telur bebek dadar,1,301,20,23.7,0,Sajikan
Telur ceplok (Menu Pgln),1,240,11,0,0,Sajikan
Telur dadar (Menu Pgln),1,259,11.7,0,0,Sajikan
Telur dadar+terigu (Menu Pgln),1,289,10.7,0,0,Sajikan
Telur puyuh,1,168,12.3,12.7,1.2,Sajikan
Telur rebus (Menu Pgln),1,154,12.2,0,0,Sajikan
Bandeng presto,1,296,17.1,20.3,11.3,Sajikan
Belut dendeng goreng,1,382,55.7,14.1,8,Sajikan
Belut goreng,1,417,25.9,19.4,32,Sajikan
Cumi-cumi goreng,1,265,40.6,10.1,0,Sajikan
Dendeng mujahir goreng,1,598,74.3,26.9,9.2,Sajikan
Empek kapal selam,1,190,13.2,6.6,19.4,Sajikan
Empek kelesan,1,211,12.3,6.1,26.6,Sajikan
Empek tangiri,1,173,7.2,1.2,33.4,Sajikan
Empek-empek belida,1,156,4.2,1.4,31.6,Sajikan
Gurame asam manis,1,192,12.7,10.1,12.7,Sajikan
Ikan mas goreng (Menu Pgln),1,182,18.1,0,0,Sajikan
Ikan mas semur (Menu Pgln),1,225,14.7,0,0,Sajikan
Ikan tongkol (tuna),1,117,23.2,2.7,0,Sajikan
Ikan tongkol masak kuwah,1,119,15.7,3.5,6.1,Sajikan
Kerupuk udang,1,17,0.7,1.5,2.6,Sajikan
Lele dumbo/pecak,1,372,7.8,36.3,3.5,Sajikan
Mujahir acar kuning,1,330,17.8,23.4,12.1,Sajikan
Mujahir goreng,1,416,46.9,23.9,0,Sajikan
Mujahir pepes,1,121,21.7,2.8,0.8,Sajikan
Pecak lele,1,372,7.8,36.3,3.5,Sajikan
Pepes ikan mas,1,209,15.2,11.3,11.8,Sajikan
Petis,1,345,23.8,1.4,59.3,Sajikan
Petis udang,1,345,23.8,1.4,59.3,Sajikan
Tenggiri,1,109,21.5,2.6,0,Sajikan
Teri blado,1,365,23.7,22.3,17.5,Sajikan
Bayam kukus,1,30,1.3,0.7,5.8,Sajikan
Bayam rebus,1,23,1.2,0.6,3.7,Sajikan
Botok lamtoro,1,186,11.7,9.7,13,Sajikan
Brongkos,1,141,15.3,3.3,12.6,Sajikan
Buncis rebus,1,30,2.2,0.2,6.4,Sajikan
Buntil daun talas,1,141,4.4,10.2,8,Sajikan
Gado-gado,1,203,6.7,8.7,24.6,Sajikan
Gudeg,1,160,3.3,9.2,16,Sajikan
Kac. panjang rebus (Menu Pgln),1,38,2.4,0,0,Sajikan
Keredok,1,92,2.2,3.3,14.1,Sajikan
Ketoprak,1,153,7.9,7.7,13,Sajikan
Kripik bayam,1,586,4.9,40.6,50.2,Sajikan
Pecel,1,243,11.14,12.53,31.72,Sajikan
Sayur asem,1,29,0.7,0.6,5,Sajikan
Sayur daging ayam (Menu Pgln),1,451,27.2,0,0,Sajikan
Sayur daging sapi (Menu Pgln),1,239,21.7,0,0,Sajikan
Sayur kacang merah (Menu Pgln),1,321,17.4,0,0,Sajikan
Sayur lodeh,1,240,9.08,12.45,30.65,Sajikan
Sayur lodeh (Menu Pgln),1,108,1.9,0,0,Sajikan
Sayur sop,1,27,1.3,2,1,Sajikan
Sayur sosin (Menu Pgln),1,18,1.9,0,0,Sajikan
Sayur soup (Menu Pgln),1,61,1.4,0,0,Sajikan
Sayur tahu sosin (Menu Pgln),1,92,4.3,0,0,Sajikan
Sayur tahu toge (Menu Pgln),1,114,3.4,0,0,Sajikan
Sayur telur wortel (Menu Pgln),1,140,10.7,0,0,Sajikan
Sayur tempe (Menu Pgln),1,161,9.3,0,0,Sajikan
Semur jengkol,1,77,1.8,2.4,12.1,Sajikan
Semur jengkol kacang kedele,1,212,6,8.7,29.1,Sajikan
Semur telur (Menu Pgln),1,178,5,0,0,Sajikan
Soto,1,135,2.5,8.8,11.5,Sajikan
Toge goreng,1,88,3.2,2.1,14,Sajikan
Tumis Jagung sayur,1,201,3.7,14.1,27.1,Sajikan
Tumis bayam (Menu Pgln),1,193,2,0,0,Sajikan
Tumis bayam + santan,1,48,1.4,4.2,2.6,Sajikan
Tumis kangkung (Menu Pgln),1,92,2.5,0,0,Sajikan
Tumis ketang (Menu Pgln),1,120,1.9,0,0,Sajikan
Tumis labu siam (Menu Pgln),1,88,0.7,0,0,Sajikan
Tumis teri +buncis (Menu Pgln),1,158,33.5,0,0,Sajikan
Cerelac,1,418,9,15.5,68.9,Sajikan
Enfamil,1,525,11.8,29,55,Sajikan
Es krim (coconut milk),1,47,0.9,0.5,9.8,Sajikan
LLM,1,481,20,21,0,Sajikan
Lactogen,1,464,21.6,19,51.6,Sajikan
Morinaga,1,515,13,27,55.1,Sajikan
Promil,1,460,20,18,55,Sajikan
Promina,1,409,12.57,8.78,71.92,Sajikan
S.G.M,1,461,20,18,54.7,Sajikan
Sustagen HP,1,1540,94,14,260,Sajikan
Susu full cream,1,502,27,26,40,Sajikan
Bakpau,1,239,12.2,2.6,41.6,Sajikan
Bakso,1,190,10.3,6.3,23.1,Sajikan
Berondong,1,60,0.6,0.1,14.3,Sajikan
Bika ambon,1,158,2.1,0.2,37,Sajikan
Biskuit mahal (Menu Pgln),1,350,8,0,0,Sajikan
Cake (bolu),1,435,7.1,19.8,57.1,Sajikan
Coklat (Menu Pgln),1,472,2,0,0,Sajikan
Cucur,1,145,2.39,1.28,31.36,Sajikan
Dawet,1,878,11.25,14.9,175.37,Sajikan
Donat,1,357,9.4,10.4,56.5,Sajikan
Geplak,1,350,1.4,14.4,53.6,Sajikan
Kelepon,1,215,3.7,3.7,41.8,Sajikan
Kue bakpia,1,272,3.7,6.7,44.1,Sajikan
Kue karo,1,110,2,0.9,23.4,Sajikan
Kue wijen,1,565,18.2,38.4,36.8,Sajikan
Lapis legit,1,389,6.6,15.7,55.5,Sajikan
Ledre pisang,1,405,4.8,5.1,84.9,Sajikan
Lempog durian,1,320,3.5,5.7,63.7,Sajikan
Lupis ketan,1,164,1.8,2.1,34.5,Sajikan
Mendoan,1,92,4.89,1.04,16.19,Sajikan
Mendut/mata kebo,1,86,3.11,1.19,16.35,Sajikan
Mpek-mpek,1,182,9.2,3.8,27.8,Sajikan
Nopia spesial,1,387,5.3,7.6,74.3,Sajikan
Pisang getuk,1,144,1.1,0.4,34.1,Sajikan
Pisang goreng,1,132,1.4,3.8,23.1,Sajikan
Pisang kripik lampung,1,485,1.7,22.2,69.7,Sajikan
Pudding (Menu Pgln),1,194,1.9,0,0,Sajikan
Putu cangkir,1,304,5.3,7,54.9,Sajikan
Rujak,1,228,7.6,15.5,14.5,Sajikan
Sagon,1,84,0.98,1.1,18.1,Sajikan
Satru ponorogo,1,380,13.9,2.1,76.4,Sajikan
Sempril sagu,1,477,0.7,18.4,77.3,Sajikan
Suwir-suwir,1,317,0.5,0.9,84.2,Sajikan
Taro,1,523,5.8,28.2,61.3,Sajikan
Wafer,1,53,2.7,28.7,66.7,Sajikan
Wajit camilan,1,303,6.3,2.7,63.3,Sajikan
Wedang jahe,1,59,0.14,0.09,15.07,Sajikan
Wedang jeruk,1,60,0.12,0.03,15.75,Sajikan
Widaran,1,424,1.3,10.7,80.7,Sajikan
Wingko babat,1,355,3.2,15.1,51.4,Sajikan
Yangko,1,254,3,1.1,58.1,Sajikan
